{
  "full": {
    "label": "Full Cognitive System",
    "metrics": {
      "BLEU-1": 0.21235476728486335,
      "BLEU-2": 0.10183566824014832,
      "ROUGE-1": 0.30784108242140945,
      "ROUGE-2": 0.07887156788321036,
      "ROUGE-L": 0.20300669338922334,
      "DIST-1": 0.09678794769755543,
      "DIST-2": 0.3732698961937716,
      "Emotion-Acc": 0.95,
      "Emotion-F1-W": 0.9504781028877415,
      "Emotion-F1-M": 0.9650984891948747,
      "Empathy-Score": 0.935,
      "Avg-Length": 70.36,
      "Avg-Latency": 1.8536304545402527
    }
  },
  "no_emotional": {
    "label": "No Emotional Module",
    "metrics": {
      "BLEU-1": 0.20085017226783208,
      "BLEU-2": 0.08964546144816182,
      "ROUGE-1": 0.2936433096474675,
      "ROUGE-2": 0.06667320437710587,
      "ROUGE-L": 0.18957889845429904,
      "DIST-1": 0.09891183035714286,
      "DIST-2": 0.36431805319750993,
      "Emotion-Acc": 0.95,
      "Emotion-F1-W": 0.9504781028877415,
      "Emotion-F1-M": 0.9650984891948747,
      "Empathy-Score": 0.945,
      "Avg-Length": 71.68,
      "Avg-Latency": 1.7301390957832337
    }
  },
  "no_production": {
    "label": "No Production Rules",
    "metrics": {
      "BLEU-1": 0.17445609552087354,
      "BLEU-2": 0.0845280387836383,
      "ROUGE-1": 0.2719513109839039,
      "ROUGE-2": 0.07119856670955138,
      "ROUGE-L": 0.18359997776416442,
      "DIST-1": 0.09652173913043478,
      "DIST-2": 0.381978021978022,
      "Emotion-Acc": 0.95,
      "Emotion-F1-W": 0.9504781028877415,
      "Emotion-F1-M": 0.9650984891948747,
      "Empathy-Score": 0.9525,
      "Avg-Length": 92.0,
      "Avg-Latency": 2.0740093994140625
    }
  },
  "no_memory": {
    "label": "No Working Memory",
    "metrics": {
      "BLEU-1": 0.24565438869228776,
      "BLEU-2": 0.11800219683893942,
      "ROUGE-1": 0.32845968286688226,
      "ROUGE-2": 0.08384366297447597,
      "ROUGE-L": 0.22028252155948252,
      "DIST-1": 0.10251237850724372,
      "DIST-2": 0.33084251821408556,
      "Emotion-Acc": 0.95,
      "Emotion-F1-W": 0.9504781028877415,
      "Emotion-F1-M": 0.9650984891948747,
      "Empathy-Score": 0.915,
      "Avg-Length": 54.53,
      "Avg-Latency": 1.5564967250823976
    }
  },
  "no_cognitive": {
    "label": "No Cognitive Layer",
    "metrics": {
      "BLEU-1": 0.21380329988036015,
      "BLEU-2": 0.09393190771231545,
      "ROUGE-1": 0.2966114254871572,
      "ROUGE-2": 0.06635709397837923,
      "ROUGE-L": 0.19538830256096237,
      "DIST-1": 0.11949579831932773,
      "DIST-2": 0.4046153846153846,
      "Emotion-Acc": 0.0,
      "Emotion-F1-W": 0.0,
      "Emotion-F1-M": 0.0,
      "Empathy-Score": 0.835,
      "Avg-Length": 59.5,
      "Avg-Latency": 1.6093164038658143
    }
  }
}