{
  "text_only": {
    "label": "Text Only",
    "metrics": {
      "BLEU-1": 0.24129557700804405,
      "BLEU-2": 0.11287271562753391,
      "ROUGE-1": 0.3237040488620229,
      "ROUGE-2": 0.07825628677731081,
      "ROUGE-L": 0.21817218256079463,
      "DIST-1": 0.11435062476334722,
      "DIST-2": 0.36337321497491315,
      "Emotion-Acc": 0.0,
      "Emotion-F1-W": 0.0,
      "Emotion-F1-M": 0.0,
      "Empathy-Score": 0.905,
      "Avg-Length": 52.82,
      "Avg-Latency": 1.8624502444267272
    }
  },
  "speech_only": {
    "label": "Speech Only",
    "metrics": {
      "BLEU-1": 0.2516627210569506,
      "BLEU-2": 0.12038000259899036,
      "ROUGE-1": 0.33621400475160734,
      "ROUGE-2": 0.08490462652649419,
      "ROUGE-L": 0.22091444555145334,
      "DIST-1": 0.09559359067734888,
      "DIST-2": 0.320660237388724,
      "Emotion-Acc": 0.87,
      "Emotion-F1-W": 0.9100434782608695,
      "Emotion-F1-M": 0.7339130434782608,
      "Empathy-Score": 0.9175,
      "Avg-Length": 54.92,
      "Avg-Latency": 1.6153883337974548
    }
  },
  "face_only": {
    "label": "Face Only",
    "metrics": {
      "BLEU-1": 0.22384422960985303,
      "BLEU-2": 0.08760990085956225,
      "ROUGE-1": 0.27940647358802284,
      "ROUGE-2": 0.05338144532422197,
      "ROUGE-L": 0.1899583212697322,
      "DIST-1": 0.05117595818815331,
      "DIST-2": 0.1734194122885129,
      "Emotion-Acc": 0.89,
      "Emotion-F1-W": 0.9175361262902245,
      "Emotion-F1-M": 0.7496417729204614,
      "Empathy-Score": 0.95,
      "Avg-Length": 45.92,
      "Avg-Latency": 1.4287404704093933
    }
  },
  "text_speech": {
    "label": "Text + Speech",
    "metrics": {
      "BLEU-1": 0.2551936093575627,
      "BLEU-2": 0.1233069250599899,
      "ROUGE-1": 0.3352369951660939,
      "ROUGE-2": 0.08613519762173905,
      "ROUGE-L": 0.22864298662949886,
      "DIST-1": 0.10051793592940725,
      "DIST-2": 0.33072560140817525,
      "Emotion-Acc": 0.95,
      "Emotion-F1-W": 0.9504781028877415,
      "Emotion-F1-M": 0.9650984891948747,
      "Empathy-Score": 0.885,
      "Avg-Length": 52.13,
      "Avg-Latency": 1.4414278483390808
    }
  },
  "text_face": {
    "label": "Text + Face",
    "metrics": {
      "BLEU-1": 0.2642732163414507,
      "BLEU-2": 0.1323554015243742,
      "ROUGE-1": 0.34320109867634746,
      "ROUGE-2": 0.09387573822055234,
      "ROUGE-L": 0.23500268752541445,
      "DIST-1": 0.09693179597420364,
      "DIST-2": 0.318716364361172,
      "Emotion-Acc": 0.94,
      "Emotion-F1-W": 0.9405069124423963,
      "Emotion-F1-M": 0.9579493087557605,
      "Empathy-Score": 0.9075,
      "Avg-Length": 51.17,
      "Avg-Latency": 1.553283829689026
    }
  },
  "all_modalities": {
    "label": "All Modalities (Text+Speech+Face)",
    "metrics": {
      "BLEU-1": 0.27199208181106405,
      "BLEU-2": 0.13056627788405742,
      "ROUGE-1": 0.3485618953106346,
      "ROUGE-2": 0.09103375670410487,
      "ROUGE-L": 0.23680685851828936,
      "DIST-1": 0.09731012658227849,
      "DIST-2": 0.3280871670702179,
      "Emotion-Acc": 0.95,
      "Emotion-F1-W": 0.9504781028877415,
      "Emotion-F1-M": 0.9650984891948747,
      "Empathy-Score": 0.9025,
      "Avg-Length": 50.56,
      "Avg-Latency": 1.6929673099517821
    }
  }
}